Row, Sol
169, 4.382432e-03
170, 9.572420e-04
171, 2.097233e-04
172, 4.608324e-05
173, 1.015467e-05
174, 2.243757e-06
175, 4.970957e-07
176, 1.104162e-07
177, 2.458884e-08
178, 5.489684e-09
179, 1.228745e-09
180, 2.757331e-10
181, 6.203593e-11
182, 1.399399e-11
183, 3.165201e-12
184, 7.178524e-13
185, 1.632475e-13
186, 3.722409e-14
187, 8.510079e-15
188, 1.950342e-15
189, 4.479736e-16
190, 1.030875e-16
191, 2.375526e-17
192, 5.478115e-18
193, 1.263148e-18
194, 2.909300e-19
195, 6.681458e-20
847, 3.660850e-02
848, 7.916891e-03
849, 1.692919e-03
850, 3.579534e-04
851, 7.485488e-05
852, 1.548780e-05
853, 3.172287e-06
854, 6.436605e-07
855, 1.294713e-07
856, 2.583958e-08
857, 5.121293e-09
858, 1.008931e-09
859, 1.977638e-10
860, 3.860637e-11
861, 7.513135e-12
862, 1.458994e-12
863, 2.829883e-13
864, 5.487386e-14
865, 1.064704e-14
866, 2.068819e-15
867, 4.028901e-16
868, 7.869284e-17
869, 1.542595e-17
870, 3.036600e-18
871, 6.005633e-19
872, 1.193838e-19
873, 2.386102e-20
874, 4.796169e-21
875, 9.696783e-22
876, 1.972052e-22
877, 4.034234e-23
878, 8.300760e-24
879, 1.717598e-24
880, 3.573377e-25
881, 7.472673e-26
882, 1.570299e-26
883, 3.314787e-27
884, 7.026640e-28
885, 1.495234e-28
886, 3.192970e-29
887, 6.840188e-30
888, 1.469622e-30
889, 3.165929e-31
890, 6.837038e-32
891, 1.479932e-32
892, 3.210559e-33
893, 6.980176e-34
894, 1.520905e-34
895, 3.321317e-35
896, 7.269895e-36
897, 1.595152e-36
898, 3.508979e-37
899, 7.739360e-38
900, 1.711581e-38
901, 3.795324e-39
902, 8.437298e-40
903, 1.879927e-40
904, 4.196220e-41
905, 9.376625e-42
906, 2.095412e-42
907, 4.676683e-43
908, 1.040603e-43
909, 2.303378e-44
910, 5.055461e-45
911, -7.786826e-04
912, 9.986344e-03
913, 5.189067e-03
914, 1.761020e-03
915, 5.106126e-04
916, 1.357487e-04
917, 3.408190e-05
918, 8.206748e-06
919, 1.913088e-06
920, 4.344464e-07
921, 9.654987e-08
922, 2.107233e-08
923, 4.529654e-09
924, 9.613106e-10
925, 2.018494e-10
926, 4.201204e-11
927, 8.682417e-12
928, 1.784436e-12
929, 3.652342e-13
930, 7.454477e-14
931, 1.518993e-14
932, 3.093561e-15
933, 6.303065e-16
934, 1.285925e-16
935, 2.628970e-17
936, 5.389527e-18
937, 1.108547e-18
938, 2.288727e-19
939, 4.744855e-20
940, 9.879843e-21
941, 2.066535e-21
942, 4.342388e-22
943, 9.166416e-23
944, 1.943634e-23
945, 4.139085e-24
946, 8.850685e-25
947, 1.899860e-25
948, 4.092749e-26
949, 8.845608e-27
950, 1.917466e-27
951, 4.167615e-28
952, 9.080070e-29
953, 1.982566e-29
954, 4.337269e-30
955, 9.505808e-31
956, 2.086905e-31
957, 4.589218e-32
958, 1.010887e-32
959, 2.230606e-33
960, 4.931151e-34
961, 1.092303e-34
962, 2.424835e-35
963, 5.395626e-36
964, 1.203625e-36
965, 2.692033e-37
966, 6.037067e-38
967, 1.357364e-38
968, 3.059091e-39
969, 6.907598e-40
970, 1.561722e-40
971, 3.531759e-41
972, 7.978055e-42
973, 1.796979e-42
974, 4.026798e-43
975, 8.947654e-44
976, -4.291560e-04
977, 2.606187e-03
978, 2.225852e-03
979, 1.084561e-03
980, 4.121521e-04
981, 1.357904e-04
982, 4.070195e-05
983, 1.139370e-05
984, 3.026719e-06
985, 7.712236e-07
986, 1.899362e-07
987, 4.547364e-08
988, 1.063195e-08
989, 2.436606e-09
990, 5.490838e-10
991, 1.219963e-10
992, 2.678782e-11
993, 5.825372e-12
994, 1.256962e-12
995, 2.695672e-13
996, 5.754661e-14
997, 1.224544e-14
998, 2.600536e-15
999, 5.517692e-16
1000, 1.170773e-16
1001, 2.486376e-17
1002, 5.288637e-18
1003, 1.127339e-18
1004, 2.409338e-19
1005, 5.164444e-20
1006, 1.110543e-20
1007, 2.396030e-21
1008, 5.186977e-22
1009, 1.126642e-22
1010, 2.455050e-23
1011, 5.366197e-24
1012, 1.176287e-24
1013, 2.585207e-25
1014, 5.695089e-26
1015, 1.257230e-26
1016, 2.780531e-27
1017, 6.159410e-28
1018, 1.366352e-28
1019, 3.034806e-29
1020, 6.748360e-30
1021, 1.502253e-30
1022, 3.347880e-31
1023, 7.469787e-32
1024, 1.668831e-32
1025, 3.733854e-33
1026, 8.368266e-34
1027, 1.879098e-34
1028, 4.228680e-35
1029, 9.538916e-36
1030, 2.157297e-36
1031, 4.891940e-37
1032, 1.112256e-37
1033, 2.535150e-38
1034, 5.790390e-39
1035, 1.324440e-39
1036, 3.030753e-40
1037, 6.928963e-41
1038, 1.579770e-41
1039, 3.583731e-42
1040, 8.061908e-43
1041, -1.754915e-04
1042, 6.459261e-04
1043, 8.106062e-04
1044, 5.256375e-04
1045, 2.512241e-04
1046, 1.000538e-04
1047, 3.522372e-05
1048, 1.133226e-05
1049, 3.401901e-06
1050, 9.664158e-07
1051, 2.624413e-07
1052, 6.864897e-08
1053, 1.740060e-08
1054, 4.294630e-09
1055, 1.036263e-09
1056, 2.452940e-10
1057, 5.713017e-11
1058, 1.312612e-11
1059, 2.981946e-12
1060, 6.711899e-13
1061, 1.499574e-13
1062, 3.331015e-14
1063, 7.367191e-15
1064, 1.624435e-15
1065, 3.574927e-16
1066, 7.859959e-17
1067, 1.727916e-17
1068, 3.800800e-18
1069, 8.369905e-19
1070, 1.846068e-19
1071, 4.079375e-20
1072, 9.033334e-21
1073, 2.004738e-21
1074, 4.458927e-22
1075, 9.938981e-23
1076, 2.219935e-23
1077, 4.967672e-24
1078, 1.113506e-24
1079, 2.499560e-25
1080, 5.617833e-26
1081, 1.263907e-26
1082, 2.845898e-27
1083, 6.412298e-28
1084, 1.445605e-28
1085, 3.260634e-29
1086, 7.358191e-30
1087, 1.661437e-30
1088, 3.754006e-31
1089, 8.489533e-32
1090, 1.921997e-32
1091, 4.357343e-33
1092, 9.895156e-34
1093, 2.251592e-34
1094, 5.135108e-35
1095, 1.174110e-35
1096, 2.691767e-36
1097, 6.188041e-37
1098, 1.426264e-37
1099, 3.294773e-38
1100, 7.623546e-39
1101, 1.765116e-39
1102, 4.083911e-40
1103, 9.424584e-41
1104, 2.164286e-41
1105, 4.929102e-42
1106, -6.309036e-05
1107, 1.496432e-04
1108, 2.680909e-04
1109, 2.216045e-04
1110, 1.291884e-04
1111, 6.090759e-05
1112, 2.481662e-05
1113, 9.078305e-06
1114, 3.054978e-06
1115, 9.615602e-07
1116, 2.865099e-07
1117, 8.155609e-08
1118, 2.233757e-08
1119, 5.920997e-09
1120, 1.526234e-09
1121, 3.841346e-10
1122, 9.473349e-11
1123, 2.296191e-11
1124, 5.484838e-12
1125, 1.294207e-12
1126, 3.023048e-13
1127, 7.003308e-14
1128, 1.611764e-14
1129, 3.690439e-15
1130, 8.417690e-16
1131, 1.914835e-16
1132, 4.348183e-17
1133, 9.864399e-18
1134, 2.237197e-18
1135, 5.074972e-19
1136, 1.151936e-19
1137, 2.617014e-20
1138, 5.951670e-21
1139, 1.355058e-21
1140, 3.088578e-22
1141, 7.047067e-23
1142, 1.609356e-23
1143, 3.678064e-24
1144, 8.410670e-25
1145, 1.924000e-25
1146, 4.402163e-26
1147, 1.007274e-26
1148, 2.304625e-27
1149, 5.272223e-28
1150, 1.205934e-28
1151, 2.758110e-29
1152, 6.308236e-30
1153, 1.443083e-30
1154, 3.302690e-31
1155, 7.564259e-32
1156, 1.734346e-32
1157, 3.982325e-33
1158, 9.160790e-34
1159, 2.111936e-34
1160, 4.881076e-35
1161, 1.131189e-35
1162, 2.628949e-36
1163, 6.126643e-37
1164, 1.431272e-37
1165, 3.349811e-38
1166, 7.846949e-39
1167, 1.837226e-39
1168, 4.291294e-40
1169, 9.975550e-41
1170, 2.300052e-41
1171, -2.102151e-05
1172, 3.129417e-05
1173, 8.261314e-05
1174, 8.504869e-05
1175, 5.920129e-05
1176, 3.250188e-05
1177, 1.513712e-05
1178, 6.236714e-06
1179, 2.335320e-06
1180, 8.096520e-07
1181, 2.634557e-07
1182, 8.129459e-08
1183, 2.398264e-08
1184, 6.808955e-09
1185, 1.870643e-09
1186, 4.996209e-10
1187, 1.302440e-10
1188, 3.325407e-11
1189, 8.341027e-12
1190, 2.060844e-12
1191, 5.027496e-13
1192, 1.213536e-13
1193, 2.903737e-14
1194, 6.898879e-15
1195, 1.629828e-15
1196, 3.833452e-16
1197, 8.986454e-17
1198, 2.101499e-17
1199, 4.906094e-18
1200, 1.144111e-18
1201, 2.666399e-19
1202, 6.212295e-20
1203, 1.447253e-20
1204, 3.371746e-21
1205, 7.855939e-22
1206, 1.830456e-22
1207, 4.264816e-23
1208, 9.934960e-24
1209, 2.313628e-24
1210, 5.385387e-25
1211, 1.252783e-25
1212, 2.912201e-26
1213, 6.764268e-27
1214, 1.569870e-27
1215, 3.640534e-28
1216, 8.436621e-29
1217, 1.954103e-29
1218, 4.524860e-30
1219, 1.047788e-30
1220, 2.427222e-31
1221, 5.627172e-32
1222, 1.306188e-32
1223, 3.037039e-33
1224, 7.076359e-34
1225, 1.652909e-34
1226, 3.871625e-35
1227, 9.095188e-36
1228, 2.142853e-36
1229, 5.061964e-37
1230, 1.198239e-37
1231, 2.839583e-38
1232, 6.727410e-39
1233, 1.590348e-39
1234, 3.742151e-40
1235, 8.735043e-41
1236, -6.642921e-06
1237, 5.374433e-06
1238, 2.395159e-05
1239, 3.042774e-05
1240, 2.493215e-05
1241, 1.574050e-05
1242, 8.294342e-06
1243, 3.817574e-06
1244, 1.580166e-06
1245, 6.002235e-07
1246, 2.123528e-07
1247, 7.077205e-08
1248, 2.241913e-08
1249, 6.799760e-09
1250, 1.986628e-09
1251, 5.619702e-10
1252, 1.545948e-10
1253, 4.151653e-11
1254, 1.092059e-11
1255, 2.821968e-12
1256, 7.182443e-13
1257, 1.804723e-13
1258, 4.485959e-14
1259, 1.105070e-14
1260, 2.702089e-15
1261, 6.567230e-16
1262, 1.588363e-16
1263, 3.826801e-17
1264, 9.191811e-18
1265, 2.202605e-18
1266, 5.268303e-19
1267, 1.258268e-19
1268, 3.001664e-20
1269, 7.153356e-21
1270, 1.703138e-21
1271, 4.051201e-22
1272, 9.626957e-23
1273, 2.285211e-23
1274, 5.418098e-24
1275, 1.282923e-24
1276, 3.033489e-25
1277, 7.162086e-26
1278, 1.688406e-26
1279, 3.974317e-27
1280, 9.341819e-28
1281, 2.193051e-28
1282, 5.142936e-29
1283, 1.205165e-29
1284, 2.823015e-30
1285, 6.612959e-31
1286, 1.549889e-31
1287, 3.636196e-32
1288, 8.543982e-33
1289, 2.011668e-33
1290, 4.748205e-34
1291, 1.123917e-34
1292, 2.668485e-35
1293, 6.355251e-36
1294, 1.517889e-36
1295, 3.633710e-37
1296, 8.710808e-38
1297, 2.088122e-38
1298, 4.995711e-39
1299, 1.189844e-39
1300, 2.811714e-40
1301, -2.014265e-06
1302, 4.727449e-07
1303, 6.535572e-06
1304, 1.028326e-05
1305, 9.832344e-06
1306, 7.072144e-06
1307, 4.181923e-06
1308, 2.135345e-06
1309, 9.714099e-07
1310, 4.023296e-07
1311, 1.541386e-07
1312, 5.529503e-08
1313, 1.875451e-08
1314, 6.061662e-09
1315, 1.879286e-09
1316, 5.619827e-10
1317, 1.628753e-10
1318, 4.594002e-11
1319, 1.265634e-11
1320, 3.416614e-12
1321, 9.063230e-13
1322, 2.368409e-13
1323, 6.110526e-14
1324, 1.559539e-14
1325, 3.944147e-15
1326, 9.899097e-16
1327, 2.468770e-16
1328, 6.124641e-17
1329, 1.512830e-17
1330, 3.723325e-18
1331, 9.136023e-19
1332, 2.235952e-19
1333, 5.459915e-20
1334, 1.330511e-20
1335, 3.236014e-21
1336, 7.855603e-22
1337, 1.903347e-22
1338, 4.602573e-23
1339, 1.110691e-23
1340, 2.674609e-24
1341, 6.426457e-25
1342, 1.540672e-25
1343, 3.685345e-26
1344, 8.796335e-27
1345, 2.095251e-27
1346, 4.981586e-28
1347, 1.182541e-28
1348, 2.803719e-29
1349, 6.642132e-30
1350, 1.573069e-30
1351, 3.726410e-31
1352, 8.834589e-32
1353, 2.097442e-32
1354, 4.989404e-33
1355, 1.189836e-33
1356, 2.845693e-34
1357, 6.827673e-35
1358, 1.643522e-35
1359, 3.968414e-36
1360, 9.606686e-37
1361, 2.329405e-37
1362, 5.649614e-38
1363, 1.367839e-38
1364, 3.297419e-39
1365, 7.888338e-40
1366, -5.896922e-07
1367, -1.695434e-07
1368, 1.663445e-06
1369, 3.306495e-06
1370, 3.674759e-06
1371, 2.991473e-06
1372, 1.972222e-06
1373, 1.110782e-06
1374, 5.526089e-07
1375, 2.484923e-07
1376, 1.027166e-07
1377, 3.953885e-08
1378, 1.431961e-08
1379, 4.920497e-09
1380, 1.615470e-09
1381, 5.097782e-10
1382, 1.554087e-10
1383, 4.597368e-11
1384, 1.324869e-11
1385, 3.732113e-12
1386, 1.030790e-12
1387, 2.798873e-13
1388, 7.488994e-14
1389, 1.978785e-14
1390, 5.172552e-15
1391, 1.339786e-15
1392, 3.443407e-16
1393, 8.791692e-17
1394, 2.232102e-17
1395, 5.639788e-18
1396, 1.419051e-18
1397, 3.557418e-19
1398, 8.888573e-20
1399, 2.214104e-20
1400, 5.499194e-21
1401, 1.361970e-21
1402, 3.363639e-22
1403, 8.283490e-23
1404, 2.034037e-23
1405, 4.979935e-24
1406, 1.215606e-24
1407, 2.958451e-25
1408, 7.178892e-26
1409, 1.737066e-26
1410, 4.191945e-27
1411, 1.009168e-27
1412, 2.424390e-28
1413, 5.814482e-29
1414, 1.392837e-29
1415, 3.334347e-30
1416, 7.981926e-31
1417, 1.911929e-31
1418, 4.585524e-32
1419, 1.101889e-32
1420, 2.654444e-33
1421, 6.413693e-34
1422, 1.554854e-34
1423, 3.782472e-35
1424, 9.232211e-36
1425, 2.259794e-36
1426, 5.542041e-37
1427, 1.359852e-37
1428, 3.331654e-38
1429, 8.128811e-39
1430, 1.968617e-39
1431, -1.671813e-07
1432, -1.324870e-07
1433, 3.853844e-07
1434, 1.014543e-06
1435, 1.311774e-06
1436, 1.203469e-06
1437, 8.802171e-07
1438, 5.442341e-07
1439, 2.948348e-07
1440, 1.434037e-07
1441, 6.374734e-08
1442, 2.625495e-08
1443, 1.012788e-08
1444, 3.691760e-09
1445, 1.281065e-09
1446, 4.258551e-10
1447, 1.363503e-10
1448, 4.224724e-11
1449, 1.271980e-11
1450, 3.734915e-12
1451, 1.072990e-12
1452, 3.024543e-13
1453, 8.386216e-14
1454, 2.292332e-14
1455, 6.189276e-15
1456, 1.653445e-15
1457, 4.376871e-16
1458, 1.149488e-16
1459, 2.998249e-17
1460, 7.773728e-18
1461, 2.004896e-18
1462, 5.146250e-19
1463, 1.315234e-19
1464, 3.347747e-20
1465, 8.488310e-21
1466, 2.144148e-21
1467, 5.396003e-22
1468, 1.352929e-22
1469, 3.379525e-23
1470, 8.410175e-24
1471, 2.085077e-24
1472, 5.150154e-25
1473, 1.267461e-25
1474, 3.108335e-26
1475, 7.597901e-27
1476, 1.851662e-27
1477, 4.500885e-28
1478, 1.091705e-28
1479, 2.643760e-29
1480, 6.396130e-30
1481, 1.546984e-30
1482, 3.743164e-31
1483, 9.067644e-32
1484, 2.200708e-32
1485, 5.354621e-33
1486, 1.306879e-33
1487, 3.200788e-34
1488, 7.868198e-35
1489, 1.941103e-35
1490, 4.803732e-36
1491, 1.191449e-36
1492, 2.957450e-37
1493, 7.331862e-38
1494, 1.810465e-38
1495, 4.438526e-39
1496, -4.593221e-08
1497, -6.011867e-08
1498, 7.619880e-08
1499, 2.968293e-07
1500, 4.494586e-07
1501, 4.637856e-07
1502, 3.749560e-07
1503, 2.535364e-07
1504, 1.490299e-07
1505, 7.814873e-08
1506, 3.725025e-08
1507, 1.637256e-08
1508, 6.711568e-09
1509, 2.589933e-09
1510, 9.481647e-10
1511, 3.314956e-10
1512, 1.113119e-10
1513, 3.607658e-11
1514, 1.133484e-11
1515, 3.465563e-12
1516, 1.034595e-12
1517, 3.024872e-13
1518, 8.684282e-14
1519, 2.453955e-14
1520, 6.839064e-15
1521, 1.883221e-15
1522, 5.131600e-16
1523, 1.385560e-16
1524, 3.711098e-17
1525, 9.869256e-18
1526, 2.607924e-18
1527, 6.851543e-19
1528, 1.790433e-19
1529, 4.655260e-20
1530, 1.204594e-20
1531, 3.102463e-21
1532, 7.953782e-22
1533, 2.029808e-22
1534, 5.156496e-23
1535, 1.303998e-23
1536, 3.282722e-24
1537, 8.227240e-25
1538, 2.052997e-25
1539, 5.101718e-26
1540, 1.262852e-26
1541, 3.114916e-27
1542, 7.659277e-28
1543, 1.878472e-28
1544, 4.597928e-29
1545, 1.123979e-29
1546, 2.746104e-30
1547, 6.710914e-31
1548, 1.641730e-31
1549, 4.023636e-32
1550, 9.886672e-33
1551, 2.437068e-33
1552, 6.029398e-34
1553, 1.497526e-34
1554, 3.733757e-35
1555, 9.341231e-36
1556, 2.342949e-36
1557, 5.882966e-37
1558, 1.475700e-37
1559, 3.687764e-38
1560, 9.152012e-39
1561, -1.221337e-08
1562, -2.280076e-08
1563, 1.006838e-08
1564, 8.237865e-08
1565, 1.482239e-07
1566, 1.720843e-07
1567, 1.534198e-07
1568, 1.131124e-07
1569, 7.192511e-08
1570, 4.054804e-08
1571, 2.067092e-08
1572, 9.673191e-09
1573, 4.204969e-09
1574, 1.714569e-09
1575, 6.611029e-10
1576, 2.427177e-10
1577, 8.535621e-11
1578, 2.890141e-11
1579, 9.465129e-12
1580, 3.010217e-12
1581, 9.329790e-13
1582, 2.826906e-13
1583, 8.396960e-14
1584, 2.451137e-14
1585, 7.046644e-15
1586, 1.998857e-15
1587, 5.603652e-16
1588, 1.554728e-16
1589, 4.274059e-17
1590, 1.165340e-17
1591, 3.153799e-18
1592, 8.477282e-19
1593, 2.264275e-19
1594, 6.011811e-20
1595, 1.587056e-20
1596, 4.166397e-21
1597, 1.087810e-21
1598, 2.824840e-22
1599, 7.296237e-23
1600, 1.874496e-23
1601, 4.790442e-24
1602, 1.217909e-24
1603, 3.080837e-25
1604, 7.755947e-26
1605, 1.943774e-26
1606, 4.851470e-27
1607, 1.206507e-27
1608, 2.991361e-28
1609, 7.399152e-29
1610, 1.827242e-29
1611, 4.508852e-30
1612, 1.112669e-30
1613, 2.748386e-31
1614, 6.801038e-32
1615, 1.687359e-32
1616, 4.200261e-33
1617, 1.049572e-33
1618, 2.633570e-34
1619, 6.635458e-35
1620, 1.678100e-35
1621, 4.256032e-36
1622, 1.080939e-36
1623, 2.743367e-37
1624, 6.937733e-38
1625, 1.742873e-38
1626, -3.131309e-09
1627, -7.849566e-09
1628, -9.177405e-10
1629, 2.142201e-08
1630, 4.708785e-08
1631, 6.169308e-08
1632, 6.058446e-08
1633, 4.859616e-08
1634, 3.334622e-08
1635, 2.016183e-08
1636, 1.096772e-08
1637, 5.453036e-09
1638, 2.508908e-09
1639, 1.079063e-09
1640, 4.375141e-10
1641, 1.684373e-10
1642, 6.195468e-11
1643, 2.188980e-11
1644, 7.464436e-12
1645, 2.466905e-12
1646, 7.930715e-13
1647, 2.488267e-13
1648, 7.641229e-14
1649, 2.302610e-14
1650, 6.824064e-15
1651, 1.992885e-15
1652, 5.744792e-16
1653, 1.637007e-16
1654, 4.616835e-17
1655, 1.290028e-17
1656, 3.574186e-18
1657, 9.825759e-19
1658, 2.681568e-19
1659, 7.267945e-20
1660, 1.956832e-20
1661, 5.234744e-21
1662, 1.391525e-21
1663, 3.675993e-22
1664, 9.651020e-23
1665, 2.518339e-23
1666, 6.531837e-24
1667, 1.684196e-24
1668, 4.317859e-25
1669, 1.100974e-25
1670, 2.792996e-26
1671, 7.052463e-27
1672, 1.773472e-27
1673, 4.444256e-28
1674, 1.110668e-28
1675, 2.770358e-29
1676, 6.903017e-30
1677, 1.719886e-30
1678, 4.288760e-31
1679, 1.071377e-31
1680, 2.683563e-32
1681, 6.744864e-33
1682, 1.702099e-33
1683, 4.314206e-34
1684, 1.098341e-34
1685, 2.807594e-35
1686, 7.199731e-36
1687, 1.849468e-36
1688, 4.748818e-37
1689, 1.215254e-37
1690, 3.090291e-38
1691, -7.685219e-10
1692, -2.531588e-09
1693, -1.432295e-09
1694, 5.080919e-09
1695, -3.442846e-02
1696, -6.578167e-03
1697, -1.239785e-03
1698, -2.306288e-04
1699, -4.237827e-05
1700, -7.697106e-06
1701, -1.381886e-06
1702, -2.447662e-07
1703, -4.248766e-08
1704, -7.095897e-09
1705, -1.083994e-09
1706, -1.269187e-10
1707, 1.101020e-12
1708, 8.465217e-12
1709, 4.312592e-12
1710, 1.693973e-12
1711, 5.996891e-13
1712, 2.005367e-13
1713, 6.460219e-14
1714, 2.024862e-14
1715, 6.210688e-15
1716, 1.871125e-15
1717, 5.551780e-16
1718, 1.625503e-16
1719, 4.703669e-17
1720, 1.346805e-17
1721, 3.819499e-18
1722, 1.073657e-18
1723, 2.993169e-19
1724, 8.279201e-20
1725, 2.272855e-20
1726, 6.194056e-21
1727, 1.675959e-21
1728, 4.502798e-22
1729, 1.201350e-22
1730, 3.183202e-23
1731, 8.377529e-24
1732, 2.190255e-24
1733, 5.689812e-25
1734, 1.469118e-25
1735, 3.771743e-26
1736, 9.633134e-27
1737, 2.449018e-27
1738, 6.201817e-28
1739, 1.565651e-28
1740, 3.943710e-29
1741, 9.921220e-30
1742, 2.495245e-30
1743, 6.280526e-31
1744, 1.583629e-31
1745, 4.004040e-32
1746, 1.016002e-32
1747, 2.588982e-33
1748, 6.627963e-34
1749, 1.704840e-34
1750, 4.404460e-35
1751, 1.141921e-35
1752, 2.966687e-36
1753, 7.706228e-37
1754, 1.995490e-37
1755, 5.136349e-38
1756, -1.781576e-10
1757, -7.759804e-10
1758, -7.540959e-10
1759, 8.006123e-04
1760, -1.023861e-02
1761, -4.787322e-03
1762, -1.439176e-03
1763, -3.679346e-04
1764, -8.604564e-05
1765, -1.898139e-05
1766, -4.014417e-06
1767, -8.219487e-07
1768, -1.639116e-07
1769, -3.193309e-08
1770, -6.074683e-09
1771, -1.121333e-09
1772, -1.973001e-10
1773, -3.158248e-11
1774, -3.949568e-12
1775, -6.246326e-14
1776, 2.135143e-13
1777, 1.129417e-13
1778, 4.427390e-14
1779, 1.548159e-14
1780, 5.097707e-15
1781, 1.616783e-15
1782, 4.995273e-16
1783, 1.513057e-16
1784, 4.510503e-17
1785, 1.326677e-17
1786, 3.856766e-18
1787, 1.109490e-18
1788, 3.161098e-19
1789, 8.925492e-20
1790, 2.498580e-20
1791, 6.936683e-21
1792, 1.910290e-21
1793, 5.219177e-22
1794, 1.414865e-22
1795, 3.806207e-23
1796, 1.016248e-23
1797, 2.693531e-24
1798, 7.088806e-25
1799, 1.853113e-25
1800, 4.813923e-26
1801, 1.243368e-26
1802, 3.195111e-27
1803, 8.174988e-28
1804, 2.084383e-28
1805, 5.301166e-29
1806, 1.346220e-29
1807, 3.417290e-30
1808, 8.680577e-31
1809, 2.208967e-31
1810, 5.637025e-32
1811, 1.443861e-32
1812, 3.714760e-33
1813, 9.604396e-34
1814, 2.495735e-34
1815, 6.516014e-35
1816, 1.707866e-35
1817, 4.487105e-36
1818, 1.179079e-36
1819, 3.089264e-37
1820, 8.048617e-38
1821, -3.798076e-11
1822, -2.275357e-10
1823, -1.786765e-05
1824, 4.792021e-04
1825, -2.924701e-03
1826, -2.253821e-03
1827, -9.792852e-04
1828, -3.294279e-04
1829, -9.569023e-05
1830, -2.523287e-05
1831, -6.208419e-06
1832, -1.449709e-06
1833, -3.249409e-07
1834, -7.047062e-08
1835, -1.486908e-08
1836, -3.062418e-09
1837, -6.161051e-10
1838, -1.207011e-10
1839, -2.280403e-11
1840, -4.058464e-12
1841, -6.407032e-13
1842, -7.224945e-14
1843, 3.424745e-15
1844, 6.312182e-15
1845, 3.009769e-15
1846, 1.137540e-15
1847, 3.896562e-16
1848, 1.264468e-16
1849, 3.964433e-17
1850, 1.213150e-17
1851, 3.644315e-18
1852, 1.078457e-18
1853, 3.150898e-19
1854, 9.101929e-20
1855, 2.602033e-20
1856, 7.366295e-21
1857, 2.066003e-21
1858, 5.742377e-22
1859, 1.582102e-22
1860, 4.321660e-23
1861, 1.170669e-23
1862, 3.145545e-24
1863, 8.386350e-25
1864, 2.219408e-25
1865, 5.833136e-26
1866, 1.523446e-26
1867, 3.956579e-27
1868, 1.022673e-27
1869, 2.633186e-28
1870, 6.760804e-29
1871, 1.732873e-29
1872, 4.439051e-30
1873, 1.137843e-30
1874, 2.921797e-31
1875, 7.524413e-32
1876, 1.945255e-32
1877, 5.052500e-33
1878, 1.319140e-33
1879, 3.462622e-34
1880, 9.135418e-35
1881, 2.420460e-35
1882, 6.430727e-36
1883, 1.709307e-36
1884, 4.531225e-37
1885, 1.194901e-37
1886, -6.987637e-12
1887, 3.747733e-07
1888, -1.603744e-05
1889, 2.114732e-04
1890, -7.976156e-04
1891, -9.001949e-04
1892, -5.222122e-04
1893, -2.216714e-04
1894, -7.801857e-05
1895, -2.419836e-05
1896, -6.848234e-06
1897, -1.807773e-06
1898, -4.518771e-07
1899, -1.081257e-07
1900, -2.496891e-08
1901, -5.598850e-09
1902, -1.224535e-09
1903, -2.619661e-10
1904, -5.486524e-11
1905, -1.122825e-11
1906, -2.231316e-12
1907, -4.243889e-13
1908, -7.475877e-14
1909, -1.116283e-14
1910, -9.312973e-16
1911, 2.403274e-16
1912, 1.837974e-16
1913, 7.901794e-17
1914, 2.873408e-17
1915, 9.645524e-18
1916, 3.089340e-18
1917, 9.590320e-19
1918, 2.910003e-19
1919, 8.673124e-20
1920, 2.546713e-20
1921, 7.381262e-21
1922, 2.114293e-21
1923, 5.990273e-22
1924, 1.679708e-22
1925, 4.663659e-23
1926, 1.282622e-23
1927, 3.495589e-24
1928, 9.444443e-25
1929, 2.530922e-25
1930, 6.730959e-26
1931, 1.777721e-26
1932, 4.666368e-27
1933, 1.218462e-27
1934, 3.168098e-28
1935, 8.211405e-29
1936, 2.124136e-29
1937, 5.490748e-30
1938, 1.420085e-30
1939, 3.679368e-31
1940, 9.561403e-32
1941, 2.494702e-32
1942, 6.540917e-33
1943, 1.724393e-33
1944, 4.572010e-34
1945, 1.218831e-34
1946, 3.264277e-35
1947, 8.769560e-36
1948, 2.357773e-36
1949, 6.323597e-37
1950, 1.687808e-37
1951, -7.038197e-09
1952, 4.470305e-07
1953, -9.505044e-06
1954, 8.146117e-05
1955, -2.051768e-04
1956, -3.269194e-04
1957, -2.419311e-04
1958, -1.255271e-04
1959, -5.239773e-05
1960, -1.883372e-05
1961, -6.065083e-06
1962, -1.795300e-06
1963, -4.972208e-07
1964, -1.305315e-07
1965, -3.280420e-08
1966, -7.953365e-09
1967, -1.871707e-09
1968, -4.296095e-10
1969, -9.651891e-11
1970, -2.127405e-11
1971, -4.603807e-12
1972, -9.768917e-13
1973, -2.023572e-13
1974, -4.052380e-14
1975, -7.687892e-15
1976, -1.318832e-15
1977, -1.775584e-16
1978, -5.119874e-18
1979, 9.072705e-18
1980, 5.045332e-18
1981, 2.015691e-18
1982, 7.103602e-19
1983, 2.342426e-19
1984, 7.408978e-20
1985, 2.276041e-20
1986, 6.838557e-21
1987, 2.018035e-21
1988, 5.864357e-22
1989, 1.681123e-22
1990, 4.759916e-23
1991, 1.332359e-23
1992, 3.689754e-24
1993, 1.011652e-24
1994, 2.748054e-25
1995, 7.401174e-26
1996, 1.977924e-26
1997, 5.249823e-27
1998, 1.385293e-27
1999, 3.638146e-28
2000, 9.520969e-29
2001, 2.485991e-29
2002, 6.485063e-30
2003, 1.692442e-30
2004, 4.424653e-31
2005, 1.160276e-31
2006, 3.055298e-32
2007, 8.086536e-33
2008, 2.152631e-33
2009, 5.764902e-34
2010, 1.552872e-34
2011, 4.203852e-35
2012, 1.141987e-35
2013, 3.105592e-36
2014, 8.426889e-37
2015, 2.276515e-37
2016, -1.044083e-08
2017, 3.313040e-07
2018, -4.648104e-06
2019, 2.883859e-05
2020, -4.858213e-05
2021, -1.108836e-04
2022, -1.020310e-04
2023, -6.327169e-05
2024, -3.079292e-05
2025, -1.266360e-05
2026, -4.595747e-06
2027, -1.514015e-06
2028, -4.618316e-07
2029, -1.323632e-07
2030, -3.604611e-08
2031, -9.410566e-09
2032, -2.372224e-09
2033, -5.807931e-10
2034, -1.387659e-10
2035, -3.247779e-11
2036, -7.467300e-12
2037, -1.689654e-12
2038, -3.764804e-13
2039, -8.252067e-14
2040, -1.773568e-14
2041, -3.712288e-15
2042, -7.468007e-16
2043, -1.405507e-16
2044, -2.319230e-17
2045, -2.652948e-18
2046, 1.775873e-19
2047, 2.718807e-19
2048, 1.299986e-19
2049, 4.947399e-20
2050, 1.701215e-20
2051, 5.518699e-21
2052, 1.722398e-21
2053, 5.225920e-22
2054, 1.550813e-22
2055, 4.518344e-23
2056, 1.295789e-23
2057, 3.664595e-24
2058, 1.023483e-24
2059, 2.826377e-25
2060, 7.726170e-26
2061, 2.092979e-26
2062, 5.625049e-27
2063, 1.501649e-27
2064, 3.986970e-28
2065, 1.054226e-28
2066, 2.780052e-29
2067, 7.322039e-30
2068, 1.928899e-30
2069, 5.089934e-31
2070, 1.347206e-31
2071, 3.581041e-32
2072, 9.569271e-33
2073, 2.572498e-33
2074, 6.959511e-34
2075, 1.894401e-34
2076, 5.184270e-35
2077, 1.424147e-35
2078, 3.917619e-36
2079, 1.075541e-36
2080, 2.941032e-37
2081, -9.270459e-09
2082, 1.952620e-07
2083, -2.024353e-06
2084, 9.582452e-06
2085, -9.999813e-06
2086, -3.552021e-05
2087, -4.014390e-05
2088, -2.929874e-05
2089, -1.640701e-05
2090, -7.638516e-06
2091, -3.097682e-06
2092, -1.128097e-06
2093, -3.769274e-07
2094, -1.174061e-07
2095, -3.451362e-08
2096, -9.669695e-09
2097, -2.602685e-09
2098, -6.774559e-10
2099, -1.714660e-10
2100, -4.239361e-11
2101, -1.027737e-11
2102, -2.450312e-12
2103, -5.758092e-13
2104, -1.335508e-13
2105, -3.058394e-14
2106, -6.909716e-15
2107, -1.536316e-15
2108, -3.345406e-16
2109, -7.072104e-17
2110, -1.428001e-17
2111, -2.664225e-18
2112, -4.220649e-19
2113, -3.919739e-20
2114, 8.332700e-21
2115, 7.052237e-21
2116, 3.123304e-21
2117, 1.151607e-21
2118, 3.882767e-22
2119, 1.239975e-22
2120, 3.814709e-23
2121, 1.141182e-23
2122, 3.338789e-24
2123, 9.590246e-25
2124, 2.711968e-25
2125, 7.566618e-26
2126, 2.086828e-26
2127, 5.698633e-27
2128, 1.543311e-27
2129, 4.151720e-28
2130, 1.111201e-28
2131, 2.963839e-29
2132, 7.890928e-30
2133, 2.100502e-30
2134, 5.599259e-31
2135, 1.496930e-31
2136, 4.019019e-32
2137, 1.084856e-32
2138, 2.946502e-33
2139, 8.055530e-34
2140, 2.216546e-34
2141, 6.133624e-35
2142, 1.704283e-35
2143, 4.743331e-36
2144, 1.317789e-36
2145, 3.648061e-37
2146, -6.385362e-09
2147, 1.000761e-07
2148, -8.136642e-07
2149, 3.014520e-06
2150, -1.476689e-06
2151, -1.077728e-05
2152, -1.494156e-05
2153, -1.270700e-05
2154, -8.106568e-06
2155, -4.235852e-06
2156, -1.905743e-06
2157, -7.626265e-07
2158, -2.777291e-07
2159, -9.362531e-08
2160, -2.960498e-08
2161, -8.874033e-09
2162, -2.543380e-09
2163, -7.020262e-10
2164, -1.877453e-10
2165, -4.889626e-11
2166, -1.245507e-11
2167, -3.114213e-12
2168, -7.665926e-13
2169, -1.862091e-13
2170, -4.470746e-14
2171, -1.061995e-14
2172, -2.496378e-15
2173, -5.802615e-16
2174, -1.331180e-16
2175, -3.003528e-17
2176, -6.625928e-18
2177, -1.414996e-18
2178, -2.873357e-19
2179, -5.349160e-20
2180, -8.297291e-21
2181, -6.710106e-22
2182, 2.188206e-22
2183, 1.605334e-22
2184, 6.886191e-23
2185, 2.493552e-23
2186, 8.284984e-24
2187, 2.609653e-24
2188, 7.920249e-25
2189, 2.337846e-25
2190, 6.751806e-26
2191, 1.915981e-26
2192, 5.359739e-27
2193, 1.482002e-27
2194, 4.060111e-28
2195, 1.104492e-28
2196, 2.989680e-29
2197, 8.068502e-30
2198, 2.175220e-30
2199, 5.868822e-31
2200, 1.587360e-31
2201, 4.310585e-32
2202, 1.176744e-32
2203, 3.232316e-33
2204, 8.938059e-34
2205, 2.487954e-34
2206, 6.966116e-35
2207, 1.958928e-35
2208, 5.518822e-36
2209, 1.552206e-36
2210, 4.351865e-37
2211, -3.759622e-09
2212, 4.659043e-08
2213, -3.076599e-07
2214, 8.990768e-07
2215, 3.935108e-08
2216, -3.085137e-06
2217, -5.303120e-06
2218, -5.226308e-06
2219, -3.770780e-06
2220, -2.196130e-06
2221, -1.089528e-06
2222, -4.766045e-07
2223, -1.883358e-07
2224, -6.845297e-08
2225, -2.320687e-08
2226, -7.421230e-09
2227, -2.259246e-09
2228, -6.597980e-10
2229, -1.860509e-10
2230, -5.093558e-11
2231, -1.360266e-11
2232, -3.557807e-12
2233, -9.144669e-13
2234, -2.316341e-13
2235, -5.795204e-14
2236, -1.434548e-14
2237, -3.517648e-15
2238, -8.549553e-16
2239, -2.059604e-16
2240, -4.914381e-17
2241, -1.159679e-17
2242, -2.699467e-18
2243, -6.173787e-19
2244, -1.378688e-19
2245, -2.976419e-20
2246, -6.105348e-21
2247, -1.149512e-21
2248, -1.819645e-22
2249, -1.629934e-23
2250, 3.916946e-24
2251, 3.140069e-24
2252, 1.361730e-24
2253, 4.923601e-25
2254, 1.626149e-25
2255, 5.081954e-26
2256, 1.529457e-26
2257, 4.478759e-27
2258, 1.284836e-27
2259, 3.628738e-28
2260, 1.012915e-28
2261, 2.803599e-29
2262, 7.716567e-30
2263, 2.117441e-30
2264, 5.806125e-31
2265, 1.594251e-31
2266, 4.391533e-32
2267, 1.215406e-32
2268, 3.383459e-33
2269, 9.480115e-34
2270, 2.673636e-34
2271, 7.584734e-35
2272, 2.161096e-35
2273, 6.169117e-36
2274, 1.758088e-36
2275, 4.995869e-37
2276, -1.986637e-09
2277, 2.019385e-08
2278, -1.106480e-07
2279, 2.529100e-07
2280, 1.572260e-07
2281, -8.227207e-07
2282, -1.802288e-06
2283, -2.055352e-06
2284, -1.668691e-06
2285, -1.077382e-06
2286, -5.864224e-07
2287, -2.791550e-07
2288, -1.192258e-07
2289, -4.656104e-08
2290, -1.687315e-08
2291, -5.741396e-09
2292, -1.852235e-09
2293, -5.711500e-10
2294, -1.694958e-10
2295, -4.869296e-11
2296, -1.360990e-11
2297, -3.717054e-12
2298, -9.956385e-13
2299, -2.623749e-13
2300, -6.820156e-14
2301, -1.752424e-14
2302, -4.458351e-15
2303, -1.124390e-15
2304, -2.813112e-16
2305, -6.983997e-17
2306, -1.720210e-17
2307, -4.200626e-18
2308, -1.015670e-18
2309, -2.426954e-19
2310, -5.715330e-20
2311, -1.321249e-20
2312, -2.981311e-21
2313, -6.508792e-22
2314, -1.354929e-22
2315, -2.615985e-23
2316, -4.391698e-24
2317, -5.094715e-25
2318, 3.126308e-26
2319, 4.993995e-26
2320, 2.351941e-26
2321, 8.736703e-27
2322, 2.917126e-27
2323, 9.162454e-28
2324, 2.766732e-28
2325, 8.133059e-29
2326, 2.346529e-29
2327, 6.684091e-30
2328, 1.888350e-30
2329, 5.310684e-31
2330, 1.491349e-31
2331, 4.192524e-32
2332, 1.182313e-32
2333, 3.349796e-33
2334, 9.544409e-34
2335, 2.735585e-34
2336, 7.883311e-35
2337, 2.280961e-35
2338, 6.610282e-36
2339, 1.911901e-36
2340, 5.514537e-37
2341, -9.691347e-10
2342, 8.273610e-09
2343, -3.808817e-08
2344, 6.613715e-08
2345, 8.871105e-08
2346, -1.983410e-07
2347, -5.871686e-07
2348, -7.771256e-07
2349, -7.078303e-07
2350, -5.045424e-07
2351, -3.000517e-07
2352, -1.548356e-07
2353, -7.122559e-08
2354, -2.979455e-08
2355, -1.150982e-08
2356, -4.157158e-09
2357, -1.418169e-09
2358, -4.608406e-10
2359, -1.436782e-10
2360, -4.324374e-11
2361, -1.263131e-11
2362, -3.597072e-12
2363, -1.002610e-12
2364, -2.744459e-13
2365, -7.398782e-14
2366, -1.969121e-14
2367, -5.183583e-15
2368, -1.351721e-15
2369, -3.495610e-16
2370, -8.971191e-17
2371, -2.285701e-17
2372, -5.781311e-18
2373, -1.451151e-18
2374, -3.612168e-19
2375, -8.906838e-20
2376, -2.172396e-20
2377, -5.230844e-21
2378, -1.240285e-21
2379, -2.886183e-22
2380, -6.560784e-23
2381, -1.446940e-23
2382, -3.062616e-24
2383, -6.102504e-25
2384, -1.099512e-25
2385, -1.602128e-26
2386, -9.688461e-28
2387, 5.514917e-28
2388, 3.433805e-28
2389, 1.387704e-28
2390, 4.831372e-29
2391, 1.559996e-29
2392, 4.819490e-30
2393, 1.448575e-30
2394, 4.279746e-31
2395, 1.251636e-31
2396, 3.641840e-32
2397, 1.058211e-32
2398, 3.078998e-33
2399, 8.986937e-34
2400, 2.633704e-34
2401, 7.749087e-35
2402, 2.286587e-35
2403, 6.751595e-36
2404, 1.987932e-36
2405, 5.835320e-37
2406, -4.443658e-10
2407, 3.235981e-09
2408, -1.258751e-08
2409, 1.554367e-08
2410, 3.771645e-08
2411, -3.992334e-08
2412, -1.830355e-07
2413, -2.834729e-07
2414, -2.893655e-07
2415, -2.270425e-07
2416, -1.470320e-07
2417, -8.197974e-08
2418, -4.049405e-08
2419, -1.809416e-08
2420, -7.432670e-09
2421, -2.843195e-09
2422, -1.023572e-09
2423, -3.498851e-10
2424, -1.144165e-10
2425, -3.602475e-11
2426, -1.098166e-11
2427, -3.256625e-12
2428, -9.433937e-13
2429, -2.679077e-13
2430, -7.481000e-14
2431, -2.059323e-14
2432, -5.600108e-15
2433, -1.507005e-15
2434, -4.018388e-16
2435, -1.062734e-16
2436, -2.789357e-17
2437, -7.268204e-18
2438, -1.880204e-18
2439, -4.827637e-19
2440, -1.229725e-19
2441, -3.105417e-20
2442, -7.767365e-21
2443, -1.922126e-21
2444, -4.699577e-22
2445, -1.133450e-22
2446, -2.691250e-23
2447, -6.275173e-24
2448, -1.432072e-24
2449, -3.183489e-25
2450, -6.843201e-26
2451, -1.404958e-26
2452, -2.690786e-27
2453, -4.554270e-28
2454, -5.702979e-29
2455, 5.177289e-31
2456, 3.969259e-30
2457, 1.995541e-30
2458, 7.639140e-31
2459, 2.621409e-31
2460, 8.503407e-32
2461, 2.672288e-32
2462, 8.247139e-33
2463, 2.520244e-33
2464, 7.665686e-34
2465, 2.327889e-34
2466, 7.067777e-35
2467, 2.145198e-35
2468, 6.498825e-36
2469, 1.959164e-36
2470, 5.881071e-37
2471, -1.938457e-10
2472, 1.216169e-09
2473, -3.995451e-09
2474, 2.992719e-09
2475, 1.401202e-08
2476, -4.763605e-09
2477, -5.428198e-08
2478, -9.994196e-08
2479, -1.144536e-07
2480, -9.866813e-08
2481, -6.939939e-08
2482, -4.169489e-08
2483, -2.205668e-08
2484, -1.050181e-08
2485, -4.576820e-09
2486, -1.850403e-09
2487, -7.016952e-10
2488, -2.518868e-10
2489, -8.626316e-11
2490, -2.837338e-11
2491, -9.014972e-12
2492, -2.780661e-12
2493, -8.362413e-13
2494, -2.461085e-13
2495, -7.110711e-14
2496, -2.022369e-14
2497, -5.674734e-15
2498, -1.573865e-15
2499, -4.320762e-16
2500, -1.175455e-16
2501, -3.171365e-17
2502, -8.489760e-18
2503, -2.255553e-18
2504, -5.947261e-19
2505, -1.555957e-19
2506, -4.037666e-20
2507, -1.038701e-20
2508, -2.647311e-21
2509, -6.679762e-22
2510, -1.667307e-22
2511, -4.113361e-23
2512, -1.002073e-23
2513, -2.408079e-24
2514, -5.701366e-25
2515, -1.327879e-25
2516, -3.036072e-26
2517, -6.794169e-27
2518, -1.481154e-27
2519, -3.121051e-28
2520, -6.266559e-29
2521, -1.164074e-29
2522, -1.856016e-30
2523, -1.863325e-31
2524, 2.746598e-32
2525, 2.697456e-32
2526, 1.232744e-32
2527, 4.670836e-33
2528, 1.630920e-33
2529, 5.456827e-34
2530, 1.781959e-34
2531, 5.733163e-35
2532, 1.825530e-35
2533, 5.760048e-36
2534, 1.798726e-36
2535, 5.573726e-37
2536, -8.114226e-11
2537, 4.410869e-10
2538, -1.215149e-09
2539, 2.992196e-10
2540, 4.756199e-09
2541, 1.054515e-09
2542, -1.513150e-08
2543, -3.406866e-08
2544, -4.392097e-08
2545, -4.156950e-08
2546, -3.169525e-08
2547, -2.047287e-08
2548, -1.157237e-08
2549, -5.858369e-09
2550, -2.703236e-09
2551, -1.152946e-09
2552, -4.597389e-10
2553, -1.730343e-10
2554, -6.197013e-11
2555, -2.126517e-11
2556, -7.033687e-12
2557, -2.254066e-12
2558, -7.030060e-13
2559, -2.142070e-13
2560, -6.397743e-14
2561, -1.878277e-14
2562, -5.433226e-15
2563, -1.551550e-15
2564, -4.380899e-16
2565, -1.224551e-16
2566, -3.391528e-17
2567, -9.312821e-18
2568, -2.536215e-18
2569, -6.851167e-19
2570, -1.835651e-19
2571, -4.877197e-20
2572, -1.284583e-20
2573, -3.352654e-21
2574, -8.666680e-22
2575, -2.217945e-22
2576, -5.616741e-23
2577, -1.406918e-23
2578, -3.484472e-24
2579, -8.529827e-25
2580, -2.063191e-25
2581, -4.929340e-26
2582, -1.162800e-26
2583, -2.706545e-27
2584, -6.209739e-28
2585, -1.401901e-28
2586, -3.104711e-29
2587, -6.708583e-30
2588, -1.400237e-30
2589, -2.767591e-31
2590, -4.950149e-32
2591, -6.972590e-33
2592, -2.210514e-34
2593, 3.858496e-34
2594, 2.278003e-34
2595, 9.695335e-35
2596, 3.661929e-35
2597, 1.301571e-35
2598, 4.455026e-36
2599, 1.482241e-36
2600, 4.840128e-37
2601, -3.279583e-11
2602, 1.547852e-10
2603, -3.519365e-10
2604, -1.117212e-10
2605, 1.497249e-09
2606, 1.122915e-09
2607, -3.866145e-09
2608, -1.121476e-08
2609, -1.638150e-08
2610, -1.702849e-08
2611, -1.405688e-08
2612, -9.744396e-09
2613, -5.874165e-09
2614, -3.155721e-09
2615, -1.538926e-09
2616, -6.912236e-10
2617, -2.893659e-10
2618, -1.140229e-10
2619, -4.264654e-11
2620, -1.524859e-11
2621, -5.244537e-12
2622, -1.744344e-12
2623, -5.636489e-13
2624, -1.776508e-13
2625, -5.480177e-14
2626, -1.659423e-14
2627, -4.944491e-15
2628, -1.452682e-15
2629, -4.215208e-16
2630, -1.209561e-16
2631, -3.435729e-17
2632, -9.666916e-18
2633, -2.695385e-18
2634, -7.449167e-19
2635, -2.040611e-19
2636, -5.540220e-20
2637, -1.490429e-20
2638, -3.971799e-21
2639, -1.048135e-21
2640, -2.738204e-22
2641, -7.079718e-23
2642, -1.811256e-23
2643, -4.584682e-24
2644, -1.148157e-24
2645, -2.845130e-25
2646, -6.977571e-26
2647, -1.694099e-26
2648, -4.073424e-27
2649, -9.703288e-28
2650, -2.290484e-28
2651, -5.357903e-29
2652, -1.241481e-29
2653, -2.846070e-30
2654, -6.438969e-31
2655, -1.430689e-31
2656, -3.093451e-32
2657, -6.392084e-33
2658, -1.212713e-33
2659, -1.885113e-34
2660, -1.189165e-35
2661, 8.123051e-36
2662, 5.574645e-36
2663, 2.528007e-36
2664, 9.911137e-37
2665, 3.620390e-37
2666, -1.285831e-11
2667, 5.261728e-11
2668, -9.586456e-11
2669, -9.765085e-11
2670, 4.369535e-10
2671, 5.840621e-10
2672, -8.521789e-10
2673, -3.553154e-09
2674, -5.944008e-09
2675, -6.797354e-09
2676, -6.071364e-09
2677, -4.510721e-09
2678, -2.895241e-09
2679, -1.647819e-09
2680, -8.478683e-10
2681, -4.004289e-10
2682, -1.757281e-10
2683, -7.239587e-11
2684, -2.824190e-11
2685, -1.050964e-11
2686, -3.754536e-12
2687, -1.294751e-12
2688, -4.330552e-13
2689, -1.410623e-13
2690, -4.490782e-14
2691, -1.401472e-14
2692, -4.298338e-15
2693, -1.298332e-15
2694, -3.868876e-16
2695, -1.138900e-16
2696, -3.315394e-17
2697, -9.551118e-18
2698, -2.724285e-18
2699, -7.695643e-19
2700, -2.153117e-19
2701, -5.966170e-20
2702, -1.637046e-20
2703, -4.447017e-21
2704, -1.195684e-21
2705, -3.181331e-22
2706, -8.374803e-23
2707, -2.181118e-23
2708, -5.620004e-24
2709, -1.432912e-24
2710, -3.616287e-25
2711, -9.037922e-26
2712, -2.238216e-26
2713, -5.496489e-27
2714, -1.339634e-27
2715, -3.243372e-28
2716, -7.807399e-29
2717, -1.870083e-29
2718, -4.459717e-30
2719, -1.059040e-30
2720, -2.502917e-31
2721, -5.877620e-32
2722, -1.366768e-32
2723, -3.127042e-33
2724, -6.955605e-34
2725, -1.469437e-34
2726, -2.797147e-35
2727, -4.072319e-36
2728, -3.777974e-38
2729, 3.164613e-37
2730, 1.878289e-37
2731, -4.907504e-12
2732, 1.732368e-11
2733, -2.393591e-11
2734, -4.858151e-11
2735, 1.163641e-10
2736, 2.461467e-10
2737, -1.310222e-10
2738, -1.076546e-09
2739, -2.098369e-09
2740, -2.648261e-09
2741, -2.559643e-09
2742, -2.036241e-09
2743, -1.389780e-09
2744, -8.367918e-10
2745, -4.536309e-10
2746, -2.249463e-10
2747, -1.033459e-10
2748, -4.445690e-11
2749, -1.806712e-11
2750, -6.989529e-12
2751, -2.590951e-12
2752, -9.255050e-13
2753, -3.201333e-13
2754, -1.076836e-13
2755, -3.535180e-14
2756, -1.136219e-14
2757, -3.584562e-15
2758, -1.112445e-15
2759, -3.402188e-16
2760, -1.026803e-16
2761, -3.061485e-17
2762, -9.024712e-18
2763, -2.631592e-18
2764, -7.593111e-19
2765, -2.168159e-19
2766, -6.126687e-20
2767, -1.713068e-20
2768, -4.738751e-21
2769, -1.296624e-21
2770, -3.508781e-22
2771, -9.389637e-23
2772, -2.484802e-23
2773, -6.503387e-24
2774, -1.683879e-24
2775, -4.315150e-25
2776, -1.095117e-25
2777, -2.754522e-26
2778, -6.873324e-27
2779, -1.703331e-27
2780, -4.197299e-28
2781, -1.029759e-28
2782, -2.518579e-29
2783, -6.148283e-30
2784, -1.499591e-30
2785, -3.656855e-31
2786, -8.917031e-32
2787, -2.172797e-32
2788, -5.280629e-33
2789, -1.275282e-33
2790, -3.040302e-34
2791, -7.073627e-35
2792, -1.573208e-35
2793, -3.207030e-36
2794, -5.370709e-37
2795, -3.879300e-38
2796, -1.828101e-12
2797, 5.514397e-12
2798, -5.150189e-12
2799, -2.000376e-11
2800, 2.700701e-11
2801, 9.249825e-11
2802, 7.355916e-12
2803, -3.082125e-10
2804, -7.200720e-10
2805, -1.008084e-09
2806, -1.055244e-09
2807, -8.984085e-10
2808, -6.513668e-10
2809, -4.143920e-10
2810, -2.363760e-10
2811, -1.229140e-10
2812, -5.904380e-11
2813, -2.648979e-11
2814, -1.120242e-11
2815, -4.500703e-12
2816, -1.729454e-12
2817, -6.393252e-13
2818, -2.285076e-13
2819, -7.931002e-14
2820, -2.683009e-14
2821, -8.874893e-15
2822, -2.878173e-15
2823, -9.171776e-16
2824, -2.877166e-16
2825, -8.897789e-17
2826, -2.715749e-17
2827, -8.187337e-18
2828, -2.439400e-18
2829, -7.185489e-19
2830, -2.092807e-19
2831, -6.027095e-20
2832, -1.716158e-20
2833, -4.830792e-21
2834, -1.344089e-21
2835, -3.696036e-22
2836, -1.004438e-22
2837, -2.697826e-23
2838, -7.162954e-24
2839, -1.880660e-24
2840, -4.885379e-25
2841, -1.256514e-25
2842, -3.202665e-26
2843, -8.098529e-27
2844, -2.034226e-27
2845, -5.082774e-28
2846, -1.265219e-28
2847, -3.142467e-29
2848, -7.799795e-30
2849, -1.937417e-30
2850, -4.821844e-31
2851, -1.203416e-31
2852, -3.012680e-32
2853, -7.561437e-33
2854, -1.899623e-33
2855, -4.761756e-34
2856, -1.184588e-34
2857, -2.899323e-35
2858, -6.884313e-36
2859, -1.548538e-36
2860, -3.136698e-37
2861, -6.659925e-13
2862, 1.690460e-12
2863, -7.676283e-13
2864, -7.399363e-12
2865, 4.691208e-12
2866, 3.201174e-11
2867, 1.863483e-11
2868, -8.143835e-11
2869, -2.396884e-10
2870, -3.751294e-10
2871, -4.260036e-10
2872, -3.881305e-10
2873, -2.987063e-10
2874, -2.005871e-10
2875, -1.202574e-10
2876, -6.549825e-11
2877, -3.285992e-11
2878, -1.535859e-11
2879, -6.751711e-12
2880, -2.814247e-12
2881, -1.119965e-12
2882, -4.280881e-13
2883, -1.579743e-13
2884, -5.653196e-14
2885, -1.969310e-14
2886, -6.699779e-15
2887, -2.232169e-15
2888, -7.299750e-16
2889, -2.347554e-16
2890, -7.435284e-17
2891, -2.321953e-17
2892, -7.155686e-18
2893, -2.177428e-18
2894, -6.544659e-19
2895, -1.943378e-19
2896, -5.701259e-20
2897, -1.652350e-20
2898, -4.730459e-21
2899, -1.337594e-21
2900, -3.735332e-22
2901, -1.030185e-22
2902, -2.806259e-23
2903, -7.552196e-24
2904, -2.008778e-24
2905, -5.284024e-25
2906, -1.375688e-25
2907, -3.548409e-26
2908, -9.078795e-27
2909, -2.307312e-27
2910, -5.833644e-28
2911, -1.469785e-28
2912, -3.696623e-29
2913, -9.297246e-30
2914, -2.342230e-30
2915, -5.919471e-31
2916, -1.502570e-31
2917, -3.833600e-32
2918, -9.831964e-33
2919, -2.532759e-33
2920, -6.540586e-34
2921, -1.687262e-34
2922, -4.323780e-35
2923, -1.091417e-35
2924, -2.679889e-36
2925, -6.278767e-37
2926, -2.376330e-13
2927, 4.954415e-13
2928, 4.781558e-14
2929, -2.530673e-12
2930, 9.402109e-14
2931, 1.030962e-11
2932, 1.106313e-11
2933, -1.881047e-11
2934, -7.709466e-11
2935, -1.364624e-10
2936, -1.685814e-10
2937, -1.644351e-10
2938, -1.342704e-10
2939, -9.509480e-11
2940, -5.986307e-11
2941, -3.411520e-11
2942, -1.785652e-11
2943, -8.686017e-12
2944, -3.965397e-12
2945, -1.713207e-12
2946, -7.054778e-13
2947, -2.785916e-13
2948, -1.060617e-13
2949, -3.910492e-14
2950, -1.401791e-14
2951, -4.901853e-15
2952, -1.676808e-15
2953, -5.624303e-16
2954, -1.853307e-16
2955, -6.008722e-17
2956, -1.919047e-17
2957, -6.042769e-18
2958, -1.877136e-18
2959, -5.754778e-19
2960, -1.741480e-19
2961, -5.202218e-20
2962, -1.533986e-20
2963, -4.464548e-21
2964, -1.282380e-21
2965, -3.635085e-22
2966, -1.016910e-22
2967, -2.807906e-23
2968, -7.654928e-24
2969, -2.061398e-24
2970, -5.486981e-25
2971, -1.444892e-25
2972, -3.768251e-26
2973, -9.745641e-27
2974, -2.503200e-27
2975, -6.396143e-28
2976, -1.628773e-28
2977, -4.141359e-29
2978, -1.053406e-29
2979, -2.685510e-30
2980, -6.873465e-31
2981, -1.768743e-31
2982, -4.580735e-32
2983, -1.194462e-32
2984, -3.134853e-33
2985, -8.269172e-34
2986, -2.186369e-34
2987, -5.768830e-35
2988, -1.509078e-35
2989, -3.877692e-36
2990, -9.679267e-37
2991, -8.313010e-14
2992, 1.369557e-13
2993, 1.083521e-13
2994, -8.078943e-13
2995, -4.391351e-13
2996, 3.081426e-12
2997, 5.042154e-12
2998, -3.183063e-12
2999, -2.380254e-11
3000, -4.849842e-11
3001, -6.544000e-11
3002, -6.839957e-11
3003, -5.925019e-11
3004, -4.422983e-11
3005, -2.921132e-11
3006, -1.740253e-11
3007, -9.494288e-12
3008, -4.801940e-12
3009, -2.274517e-12
3010, -1.017668e-12
3011, -4.332594e-13
3012, -1.766225e-13
3013, -6.931880e-14
3014, -2.631398e-14
3015, -9.700340e-15
3016, -3.484417e-15
3017, -1.223101e-15
3018, -4.205531e-16
3019, -1.419234e-16
3020, -4.708021e-17
3021, -1.537085e-17
3022, -4.943331e-18
3023, -1.567017e-18
3024, -4.898129e-19
3025, -1.510005e-19
3026, -4.591424e-20
3027, -1.376972e-20
3028, -4.072667e-21
3029, -1.187890e-21
3030, -3.416668e-22
3031, -9.691289e-23
3032, -2.711372e-23
3033, -7.484626e-24
3034, -2.039618e-24
3035, -5.490843e-25
3036, -1.461668e-25
3037, -3.851974e-26
3038, -1.006336e-26
3039, -2.610467e-27
3040, -6.735610e-28
3041, -1.732016e-28
3042, -4.447519e-29
3043, -1.142785e-29
3044, -2.944171e-30
3045, -7.619434e-31
3046, -1.983997e-31
3047, -5.204051e-32
3048, -1.375952e-32
3049, -3.666709e-33
3050, -9.837537e-34
3051, -2.651081e-34
3052, -7.148473e-35
3053, -1.917660e-35
3054, -5.077425e-36
3055, -1.316687e-36
3056, -2.852978e-14
3057, 3.474894e-14
3058, 6.262058e-14
3059, -2.401771e-13
3060, -2.874730e-13
3061, 8.396532e-13
3062, 2.020905e-12
3063, 2.926879e-14
3064, -6.972028e-12
3065, -1.681636e-11
3066, -2.492708e-11
3067, -2.796234e-11
3068, -2.569959e-11
3069, -2.021239e-11
3070, -1.399553e-11
3071, -8.709075e-12
3072, -4.948241e-12
3073, -2.599916e-12
3074, -1.276637e-12
3075, -5.910435e-13
3076, -2.599479e-13
3077, -1.093128e-13
3078, -4.419590e-14
3079, -1.726194e-14
3080, -6.539822e-15
3081, -2.411679e-15
3082, -8.682042e-16
3083, -3.058653e-16
3084, -1.056595e-16
3085, -3.584652e-17
3086, -1.195855e-17
3087, -3.926437e-18
3088, -1.269647e-18
3089, -4.044892e-19
3090, -1.269884e-19
3091, -3.929045e-20
3092, -1.198031e-20
3093, -3.599817e-21
3094, -1.065853e-21
3095, -3.109656e-22
3096, -8.940453e-23
3097, -2.533543e-23
3098, -7.079119e-24
3099, -1.951446e-24
3100, -5.311251e-25
3101, -1.428681e-25
3102, -3.802840e-26
3103, -1.003114e-26
3104, -2.626580e-27
3105, -6.839751e-28
3106, -1.774916e-28
3107, -4.599683e-29
3108, -1.192980e-29
3109, -3.103279e-30
3110, -8.112579e-31
3111, -2.135041e-31
3112, -5.664359e-32
3113, -1.516141e-32
3114, -4.094452e-33
3115, -1.114622e-33
3116, -3.052268e-34
3117, -8.377870e-35
3118, -2.292714e-35
3119, -6.209780e-36
3120, -1.654915e-36
3121, -9.608129e-15
3122, 7.577516e-15
3123, 2.789259e-14
3124, -6.545543e-14
3125, -1.349211e-13
3126, 1.984736e-13
3127, 7.435629e-13
3128, 3.777943e-13
3129, -1.894627e-12
3130, -5.675251e-12
3131, -9.317478e-12
3132, -1.124276e-11
3133, -1.096866e-11
3134, -9.086881e-12
3135, -6.593041e-12
3136, -4.282379e-12
3137, -2.531962e-12
3138, -1.380936e-12
3139, -7.023804e-13
3140, -3.362187e-13
3141, -1.526470e-13
3142, -6.616809e-14
3143, -2.754042e-14
3144, -1.106041e-14
3145, -4.303887e-15
3146, -1.628465e-15
3147, -6.009242e-16
3148, -2.168010e-16
3149, -7.662717e-17
3150, -2.657574e-17
3151, -9.055475e-18
3152, -3.034329e-18
3153, -1.000508e-18
3154, -3.247604e-19
3155, -1.037976e-19
3156, -3.266848e-20
3157, -1.012472e-20
3158, -3.089772e-21
3159, -9.284053e-22
3160, -2.746740e-22
3161, -8.002194e-23
3162, -2.296220e-23
3163, -6.492422e-24
3164, -1.809886e-24
3165, -4.978577e-25
3166, -1.352789e-25
3167, -3.635726e-26
3168, -9.679599e-27
3169, -2.557374e-27
3170, -6.718212e-28
3171, -1.758565e-28
3172, -4.597055e-29
3173, -1.202846e-29
3174, -3.157384e-30
3175, -8.332078e-31
3176, -2.214624e-31
3177, -5.937582e-32
3178, -1.607248e-32
3179, -4.393368e-33
3180, -1.211761e-33
3181, -3.365804e-34
3182, -9.382853e-35
3183, -2.611762e-35
3184, -7.207988e-36
3185, -1.963195e-36
3186, -3.174868e-15
3187, 1.115648e-15
3188, 1.093362e-14
3189, -1.567098e-14
3190, -5.462696e-14
3191, 3.439356e-14
3192, 2.551674e-13
3193, 2.443981e-13
3194, -4.543726e-13
3195, -1.856865e-12
3196, -3.416307e-12
3197, -4.448082e-12
3198, -4.610579e-12
3199, -4.023294e-12
3200, -3.057564e-12
3201, -2.071725e-12
3202, -1.273789e-12
3203, -7.206168e-13
3204, -3.793784e-13
3205, -1.876302e-13
3206, -8.787404e-14
3207, -3.923742e-14
3208, -1.680161e-14
3209, -6.933884e-15
3210, -2.769660e-15
3211, -1.074657e-15
3212, -4.062808e-16
3213, -1.500347e-16
3214, -5.423251e-17
3215, -1.921952e-17
3216, -6.686376e-18
3217, -2.285663e-18
3218, -7.682302e-19
3219, -2.539860e-19
3220, -8.261636e-20
3221, -2.644219e-20
3222, -8.327247e-21
3223, -2.580223e-21
3224, -7.865884e-22
3225, -2.359279e-22
3226, -6.963113e-23
3227, -2.022704e-23
3228, -5.785700e-24
3229, -1.630624e-24
3230, -4.532170e-25
3231, -1.243651e-25
3232, -3.373846e-26
3233, -9.063321e-27
3234, -2.415387e-27
3235, -6.399042e-28
3236, -1.689029e-28
3237, -4.452147e-29
3238, -1.174768e-29
3239, -3.110369e-30
3240, -8.281696e-31
3241, -2.221957e-31
3242, -6.016601e-32
3243, -1.645933e-32
3244, -4.550295e-33
3245, -1.270390e-33
3246, -3.575117e-34
3247, -1.010788e-34
3248, -2.856725e-35
3249, -8.014924e-36
3250, -2.223959e-36
3251, -1.028781e-15
3252, -1.059071e-16
3253, 3.933265e-15
3254, -2.883599e-15
3255, -2.011904e-14
3256, -2.807868e-17
3257, 8.189391e-14
3258, 1.175419e-13
3259, -8.238797e-14
3260, -5.852248e-13
3261, -1.227641e-12
3262, -1.732201e-12
3263, -1.910045e-12
3264, -1.756009e-12
3265, -1.397425e-12
3266, -9.872486e-13
3267, -6.308400e-13
3268, -3.699364e-13
3269, -2.014496e-13
3270, -1.028678e-13
3271, -4.966350e-14
3272, -2.282837e-14
3273, -1.005040e-14
3274, -4.259680e-15
3275, -1.745594e-15
3276, -6.941962e-16
3277, -2.687432e-16
3278, -1.015367e-16
3279, -3.751863e-17
3280, -1.358100e-17
3281, -4.822086e-18
3282, -1.681007e-18
3283, -5.757358e-19
3284, -1.938114e-19
3285, -6.414121e-20
3286, -2.087061e-20
3287, -6.676845e-21
3288, -2.100037e-21
3289, -6.493637e-22
3290, -1.974087e-22
3291, -5.900925e-23
3292, -1.734890e-23
3293, -5.019088e-24
3294, -1.429801e-24
3295, -4.014432e-25
3296, -1.112194e-25
3297, -3.044861e-26
3298, -8.251210e-27
3299, -2.217524e-27
3300, -5.923107e-28
3301, -1.576044e-28
3302, -4.187797e-29
3303, -1.114004e-29
3304, -2.974032e-30
3305, -7.986938e-31
3306, -2.162211e-31
3307, -5.910619e-32
3308, -1.633323e-32
3309, -4.564285e-33
3310, -1.289049e-33
3311, -3.672598e-34
3312, -1.052122e-34
3313, -3.015689e-35
3314, -8.588875e-36
3315, -2.423268e-36
3316, -3.265710e-16
3317, -1.912439e-16
3318, 1.318261e-15
3319, -1.335687e-16
3320, -6.870143e-15
3321, -3.911108e-15
3322, 2.437436e-14
3323, 4.939294e-14
3324, -1.757016e-15
3325, -1.757301e-13
3326, -4.317129e-13
3327, -6.640080e-13
3328, -7.803006e-13
3329, -7.561338e-13
3330, -6.300230e-13
3331, -4.638997e-13
3332, -3.079011e-13
3333, -1.870496e-13
3334, -1.052909e-13
3335, -5.547632e-14
3336, -2.759241e-14
3337, -1.304838e-14
3338, -5.902890e-15
3339, -2.567906e-15
3340, -1.079014e-15
3341, -4.395812e-16
3342, -1.741740e-16
3343, -6.729644e-17
3344, -2.540894e-17
3345, -9.390731e-18
3346, -3.401692e-18
3347, -1.208900e-18
3348, -4.217701e-19
3349, -1.445224e-19
3350, -4.864840e-20
3351, -1.608843e-20
3352, -5.227203e-21
3353, -1.668466e-21
3354, -5.231737e-22
3355, -1.611652e-22
3356, -4.878180e-23
3357, -1.451235e-23
3358, -4.245482e-24
3359, -1.222187e-24
3360, -3.465696e-25
3361, -9.692118e-26
3362, -2.677148e-26
3363, -7.316710e-27
3364, -1.982537e-27
3365, -5.337739e-28
3366, -1.431435e-28
3367, -3.833265e-29
3368, -1.027731e-29
3369, -2.765818e-30
3370, -7.489702e-31
3371, -2.045286e-31
3372, -5.642452e-32
3373, -1.574455e-32
3374, -4.445601e-33
3375, -1.269486e-33
3376, -3.659746e-34
3377, -1.061672e-34
3378, -3.083810e-35
3379, -8.907108e-36
3380, -2.552096e-36
3381, -1.013816e-16
3382, -1.126842e-16
3383, 4.122754e-16
3384, 2.300706e-16
3385, -2.183069e-15
3386, -2.548119e-15
3387, 6.556469e-15
3388, 1.904641e-14
3389, 8.588172e-15
3390, -4.926090e-14
3391, -1.482180e-13
3392, -2.505004e-13
3393, -3.144772e-13
3394, -3.214347e-13
3395, -2.804275e-13
3396, -2.151443e-13
3397, -1.482555e-13
3398, -9.325163e-14
3399, -5.422883e-14
3400, -2.946381e-14
3401, -1.508809e-14
3402, -7.336267e-15
3403, -3.408282e-15
3404, -1.521014e-15
3405, -6.549925e-16
3406, -2.732165e-16
3407, -1.107483e-16
3408, -4.373985e-17
3409, -1.686795e-17
3410, -6.362596e-18
3411, -2.350520e-18
3412, -8.512787e-19
3413, -3.024472e-19
3414, -1.054586e-19
3415, -3.609676e-20
3416, -1.212957e-20
3417, -4.001391e-21
3418, -1.295829e-21
3419, -4.119501e-22
3420, -1.285647e-22
3421, -3.939574e-23
3422, -1.185682e-23
3423, -3.506758e-24
3424, -1.019977e-24
3425, -2.920532e-25
3426, -8.242838e-26
3427, -2.296742e-26
3428, -6.329419e-27
3429, -1.728774e-27
3430, -4.690747e-28
3431, -1.267546e-28
3432, -3.420196e-29
3433, -9.240151e-30
3434, -2.506186e-30
3435, -6.841662e-31
3436, -1.884165e-31
3437, -5.244462e-32
3438, -1.477294e-32
3439, -4.213421e-33
3440, -1.216145e-33
3441, -3.546161e-34
3442, -1.041231e-34
3443, -3.063262e-35
3444, -8.966896e-36
3445, -2.606942e-36
3446, -3.070095e-17
3447, -5.224686e-17
3448, 1.190276e-16
3449, 1.620788e-16
3450, -6.397515e-16
3451, -1.218986e-15
3452, 1.485063e-15
3453, 6.868743e-15
3454, 6.003384e-15
3455, -1.233658e-14
3456, -4.949856e-14
3457, -9.295684e-14
3458, -1.250658e-13
3459, -1.349756e-13
3460, -1.233210e-13
3461, -9.856084e-14
3462, -7.048729e-14
3463, -4.588211e-14
3464, -2.754998e-14
3465, -1.542685e-14
3466, -8.129047e-15
3467, -4.061732e-15
3468, -1.936812e-15
3469, -8.862180e-16
3470, -3.909133e-16
3471, -1.668790e-16
3472, -6.917050e-17
3473, -2.791302e-17
3474, -1.099025e-17
3475, -4.229355e-18
3476, -1.592881e-18
3477, -5.877043e-19
3478, -2.125660e-19
3479, -7.540011e-20
3480, -2.623564e-20
3481, -8.955468e-21
3482, -2.998873e-21
3483, -9.851056e-22
3484, -3.174334e-22
3485, -1.003437e-22
3486, -3.112220e-23
3487, -9.474200e-24
3488, -2.832341e-24
3489, -8.321906e-25
3490, -2.405650e-25
3491, -6.851009e-26
3492, -1.925276e-26
3493, -5.349018e-27
3494, -1.472444e-27
3495, -4.025610e-28
3496, -1.095928e-28
3497, -2.979062e-29
3498, -8.108575e-30
3499, -2.216087e-30
3500, -6.097596e-31
3501, -1.693157e-31
3502, -4.753970e-32
3503, -1.351543e-32
3504, -3.892794e-33
3505, -1.135404e-33
3506, -3.347690e-34
3507, -9.945703e-35
3508, -2.962366e-35
3509, -8.784076e-36
3510, -2.589751e-36
3511, -9.033765e-18
3512, -2.158368e-17
3513, 3.073617e-17
3514, 7.861861e-17
3515, -1.680080e-16
3516, -5.060761e-16
3517, 2.125592e-16
3518, 2.330167e-15
3519, 3.028868e-15
3520, -2.430671e-15
3521, -1.598624e-14
3522, -3.390033e-14
3523, -4.908578e-14
3524, -5.601260e-14
3525, -5.361435e-14
3526, -4.463429e-14
3527, -3.311797e-14
3528, -2.229947e-14
3529, -1.381849e-14
3530, -7.970491e-15
3531, -4.319484e-15
3532, -2.216680e-15
3533, -1.084348e-15
3534, -5.084614e-16
3535, -2.296278e-16
3536, -1.002757e-16
3537, -4.248279e-17
3538, -1.750911e-17
3539, -7.035746e-18
3540, -2.761285e-18
3541, -1.059863e-18
3542, -3.982463e-19
3543, -1.465923e-19
3544, -5.288242e-20
3545, -1.870028e-20
3546, -6.482684e-21
3547, -2.203057e-21
3548, -7.339067e-22
3549, -2.396574e-22
3550, -7.671844e-23
3551, -2.407952e-23
3552, -7.412954e-24
3553, -2.239649e-24
3554, -6.646174e-25
3555, -1.939293e-25
3556, -5.571825e-26
3557, -1.578936e-26
3558, -4.421824e-27
3559, -1.226545e-27
3560, -3.378258e-28
3561, -9.264009e-29
3562, -2.536500e-29
3563, -6.954474e-30
3564, -1.914881e-30
3565, -5.309623e-31
3566, -1.486307e-31
3567, -4.208894e-32
3568, -1.207447e-32
3569, -3.511385e-33
3570, -1.034699e-33
3571, -3.084103e-34
3572, -9.268432e-35
3573, -2.794111e-35
3574, -8.389648e-36
3575, -2.507223e-36
3576, -2.567445e-18
3577, -8.288717e-18
3578, 6.477737e-18
3579, 3.256026e-17
3580, -3.642417e-17
3581, -1.916019e-16
3582, -3.510701e-17
3583, 7.410716e-16
3584, 1.328206e-15
3585, -1.501715e-16
3586, -4.945264e-15
3587, -1.213301e-14
3588, -1.901127e-14
3589, -2.297940e-14
3590, -2.305635e-14
3591, -1.999440e-14
3592, -1.538819e-14
3593, -1.071399e-14
3594, -6.848705e-15
3595, -4.067132e-15
3596, -2.265685e-15
3597, -1.193576e-15
3598, -5.986718e-16
3599, -2.875437e-16
3600, -1.328905e-16
3601, -5.933635e-17
3602, -2.568335e-17
3603, -1.080669e-17
3604, -4.430149e-18
3605, -1.772548e-18
3606, -6.931364e-19
3607, -2.651611e-19
3608, -9.930355e-20
3609, -3.642215e-20
3610, -1.308597e-20
3611, -4.605915e-21
3612, -1.588134e-21
3613, -5.364111e-22
3614, -1.774752e-22
3615, -5.752178e-23
3616, -1.826694e-23
3617, -5.685924e-24
3618, -1.735795e-24
3619, -5.201515e-25
3620, -1.531758e-25
3621, -4.439198e-26
3622, -1.268322e-26
3623, -3.579748e-27
3624, -1.000421e-27
3625, -2.775495e-28
3626, -7.665401e-29
3627, -2.113693e-29
3628, -5.836728e-30
3629, -1.618886e-30
3630, -4.522951e-31
3631, -1.276163e-31
3632, -3.644171e-32
3633, -1.054767e-32
3634, -3.096515e-33
3635, -9.216764e-34
3636, -2.776710e-34
3637, -8.439234e-35
3638, -2.574367e-35
3639, -7.825136e-36
3640, -2.369682e-36
3641, -6.979338e-19
3642, -3.015286e-18
3643, 7.034802e-19
3644, 1.219954e-17
3645, -4.484165e-18
3646, -6.735487e-17
3647, -4.911007e-17
3648, 2.177181e-16
3649, 5.345233e-16
3650, 1.987369e-16
3651, -1.440281e-15
3652, -4.252645e-15
3653, -7.264250e-15
3654, -9.322316e-15
3655, -9.812265e-15
3656, -8.864983e-15
3657, -7.075684e-15
3658, -5.092414e-15
3659, -3.356548e-15
3660, -2.051302e-15
3661, -1.174082e-15
3662, -6.346279e-16
3663, -3.262297e-16
3664, -1.604213e-16
3665, -7.583683e-17
3666, -3.460788e-17
3667, -1.529819e-17
3668, -6.569018e-18
3669, -2.746280e-18
3670, -1.119826e-18
3671, -4.459753e-19
3672, -1.736426e-19
3673, -6.614251e-20
3674, -2.465834e-20
3675, -8.999051e-21
3676, -3.215183e-21
3677, -1.124551e-21
3678, -3.850282e-22
3679, -1.290430e-22
3680, -4.233809e-23
3681, -1.360097e-23
3682, -4.279767e-24
3683, -1.319932e-24
3684, -3.993469e-25
3685, -1.186667e-25
3686, -3.468439e-26
3687, -9.989624e-27
3688, -2.841132e-27
3689, -7.998425e-28
3690, -2.234834e-28
3691, -6.215333e-29
3692, -1.725758e-29
3693, -4.798918e-30
3694, -1.340596e-30
3695, -3.773348e-31
3696, -1.072978e-31
3697, -3.089267e-32
3698, -9.020058e-33
3699, -2.672817e-33
3700, -8.034865e-34
3701, -2.446231e-34
3702, -7.517764e-35
3703, -2.320070e-35
3704, -7.137509e-36
3705, -2.189715e-36
3706, -1.783791e-19
3707, -1.048566e-18
3708, -2.927361e-19
3709, 4.217241e-18
3710, 1.283245e-18
3711, -2.205749e-17
3712, -2.882164e-17
3713, 5.690381e-17
3714, 2.017175e-16
3715, 1.565607e-16
3716, -3.812496e-16
3717, -1.455135e-15
3718, -2.737026e-15
3719, -3.740288e-15
3720, -4.134165e-15
3721, -3.892262e-15
3722, -3.221552e-15
3723, -2.396036e-15
3724, -1.627846e-15
3725, -1.023347e-15
3726, -6.015258e-16
3727, -3.334619e-16
3728, -1.755974e-16
3729, -8.836609e-17
3730, -4.271132e-17
3731, -1.991242e-17
3732, -8.985645e-18
3733, -3.936080e-18
3734, -1.677529e-18
3735, -6.968737e-19
3736, -2.825621e-19
3737, -1.119393e-19
3738, -4.335637e-20
3739, -1.642490e-20
3740, -6.087228e-21
3741, -2.207119e-21
3742, -7.828984e-22
3743, -2.716634e-22
3744, -9.221242e-23
3745, -3.062010e-23
3746, -9.948845e-24
3747, -3.164191e-24
3748, -9.857256e-25
3749, -3.010591e-25
3750, -9.025683e-26
3751, -2.660170e-26
3752, -7.722340e-27
3753, -2.212820e-27
3754, -6.274494e-28
3755, -1.765391e-28
3756, -4.943377e-29
3757, -1.381935e-29
3758, -3.869267e-30
3759, -1.088513e-30
3760, -3.086237e-31
3761, -8.843346e-32
3762, -2.566837e-32
3763, -7.559494e-33
3764, -2.260682e-33
3765, -6.862691e-34
3766, -2.111149e-34
3767, -6.559392e-35
3768, -2.047621e-35
3769, -6.374394e-36
3770, -1.980792e-36
3771, -4.140425e-20
3772, -3.499267e-19
3773, -2.781410e-19
3774, 1.347887e-18
3775, 1.370572e-18
3776, -6.669228e-18
3777, -1.348871e-17
3778, 1.184444e-17
3779, 7.197416e-17
3780, 8.375030e-17
3781, -8.365576e-17
3782, -4.837279e-16
3783, -1.016089e-15
3784, -1.484216e-15
3785, -1.724987e-15
3786, -1.693089e-15
3787, -1.453151e-15
3788, -1.116650e-15
3789, -7.817071e-16
3790, -5.053084e-16
3791, -3.049065e-16
3792, -1.732769e-16
3793, -9.343090e-17
3794, -4.809500e-17
3795, -2.375825e-17
3796, -1.131113e-17
3797, -5.208622e-18
3798, -2.326649e-18
3799, -1.010522e-18
3800, -4.275270e-19
3801, -1.764358e-19
3802, -7.109682e-20
3803, -2.799279e-20
3804, -1.077333e-20
3805, -4.053632e-21
3806, -1.491241e-21
3807, -5.363399e-22
3808, -1.885774e-22
3809, -6.481574e-23
3810, -2.177903e-23
3811, -7.155761e-24
3812, -2.299920e-24
3813, -7.235982e-25
3814, -2.230601e-25
3815, -6.745800e-26
3816, -2.004573e-26
3817, -5.864385e-27
3818, -1.692827e-27
3819, -4.833966e-28
3820, -1.369391e-28
3821, -3.860251e-29
3822, -1.086353e-29
3823, -3.062198e-30
3824, -8.674297e-31
3825, -2.477097e-31
3826, -7.151571e-32
3827, -2.092417e-32
3828, -6.214869e-33
3829, -1.875486e-33
3830, -5.748598e-34
3831, -1.786642e-34
3832, -5.611487e-35
3833, -1.771641e-35
3834, -5.580079e-36
3835, -1.756029e-36
3836, -7.986842e-21
3837, -1.120969e-19
3838, -1.512491e-19
3839, 3.928926e-19
3840, 7.554029e-19
3841, -1.810067e-18
3842, -5.607316e-18
3843, 9.987568e-19
3844, 2.428536e-17
3845, 3.849625e-17
3846, -9.806994e-18
3847, -1.550253e-16
3848, -3.712248e-16
3849, -5.824521e-16
3850, -7.129703e-16
3851, -7.299356e-16
3852, -6.497042e-16
3853, -5.157370e-16
3854, -3.719084e-16
3855, -2.471125e-16
3856, -1.530070e-16
3857, -8.910210e-17
3858, -4.917384e-17
3859, -2.588247e-17
3860, -1.306176e-17
3861, -6.347945e-18
3862, -2.981798e-18
3863, -1.357761e-18
3864, -6.007564e-19
3865, -2.587671e-19
3866, -1.086582e-19
3867, -4.452413e-20
3868, -1.781555e-20
3869, -6.963792e-21
3870, -2.659587e-21
3871, -9.924704e-22
3872, -3.618517e-22
3873, -1.288895e-22
3874, -4.484964e-23
3875, -1.524685e-23
3876, -5.064941e-24
3877, -1.644852e-24
3878, -5.225577e-25
3879, -1.625627e-25
3880, -4.958507e-26
3881, -1.485373e-26
3882, -4.378600e-27
3883, -1.273086e-27
3884, -3.660564e-28
3885, -1.043941e-28
3886, -2.962187e-29
3887, -8.390815e-30
3888, -2.380863e-30
3889, -6.790143e-31
3890, -1.952765e-31
3891, -5.679759e-32
3892, -1.674917e-32
3893, -5.016700e-33
3894, -1.527521e-33
3895, -4.726937e-34
3896, -1.484078e-34
3897, -4.711304e-35
3898, -1.504165e-35
3899, -4.792652e-36
3900, -1.527221e-36
3901, -8.539076e-22
3902, -3.436225e-20
3903, -6.826911e-20
3904, 1.001096e-19
3905, 3.386272e-19
3906, -4.071441e-19
3907, -2.147013e-18
3908, -8.089955e-19
3909, 7.689408e-18
3910, 1.620372e-17
3911, 3.946418e-18
3912, -4.726949e-17
3913, -1.332449e-16
3914, -2.259915e-16
3915, -2.919591e-16
3916, -3.120091e-16
3917, -2.880507e-16
3918, -2.361787e-16
3919, -1.753960e-16
3920, -1.197516e-16
3921, -7.605764e-17
3922, -4.536818e-17
3923, -2.561653e-17
3924, -1.378101e-17
3925, -7.102132e-18
3926, -3.522051e-18
3927, -1.686981e-18
3928, -7.827804e-19
3929, -3.527204e-19
3930, -1.546310e-19
3931, -6.604658e-20
3932, -2.751252e-20
3933, -1.118476e-20
3934, -4.439233e-21
3935, -1.720476e-21
3936, -6.511129e-22
3937, -2.406026e-22
3938, -8.680400e-23
3939, -3.057398e-23
3940, -1.051381e-23
3941, -3.530683e-24
3942, -1.158343e-24
3943, -3.715354e-25
3944, -1.166229e-25
3945, -3.587314e-26
3946, -1.083149e-26
3947, -3.216823e-27
3948, -9.419396e-28
3949, -2.726813e-28
3950, -7.827638e-29
3951, -2.235431e-29
3952, -6.372883e-30
3953, -1.820045e-30
3954, -5.225403e-31
3955, -1.513228e-31
3956, -4.433617e-32
3957, -1.317624e-32
3958, -3.979350e-33
3959, -1.222428e-33
3960, -3.818695e-34
3961, -1.211008e-34
3962, -3.885330e-35
3963, -1.254265e-35
3964, -4.042332e-36
3965, -1.304202e-36
3966, 2.558898e-22
3967, -1.000314e-20
3968, -2.779395e-20
3969, 1.941455e-20
3970, 1.351113e-19
3971, -5.318159e-20
3972, -7.673096e-19
3973, -6.875910e-19
3974, 2.238691e-18
3975, 6.405036e-18
3976, 4.093169e-18
3977, -1.337246e-17
3978, -4.686958e-17
3979, -8.665941e-17
3980, -1.184628e-16
3981, -1.322684e-16
3982, -1.266894e-16
3983, -1.072875e-16
3984, -8.203647e-17
3985, -5.753621e-17
3986, -3.747109e-17
3987, -2.288627e-17
3988, -1.321602e-17
3989, -7.264145e-18
3990, -3.821553e-18
3991, -1.933137e-18
3992, -9.438263e-19
3993, -4.461275e-19
3994, -2.046557e-19
3995, -9.128743e-20
3996, -3.964956e-20
3997, -1.678594e-20
3998, -6.931411e-21
3999, -2.792748e-21
4000, -1.098108e-21
4001, -4.213701e-22
4002, -1.577796e-22
4003, -5.764478e-23
4004, -2.054776e-23
4005, -7.146366e-24
4006, -2.425589e-24
4007, -8.038103e-25
4008, -2.602594e-25
4009, -8.241836e-26
4010, -2.556248e-26
4011, -7.778507e-27
4012, -2.327102e-27
4013, -6.861632e-28
4014, -1.999611e-28
4015, -5.777152e-29
4016, -1.660294e-29
4017, -4.763110e-30
4018, -1.368997e-30
4019, -3.956258e-31
4020, -1.153547e-31
4021, -3.404218e-32
4022, -1.019475e-32
4023, -3.104195e-33
4024, -9.619647e-34
4025, -3.033242e-34
4026, -9.715186e-35
4027, -3.149807e-35
4028, -1.028032e-35
4029, -3.350908e-36
4030, -1.094513e-36
4031, 2.391891e-22
4032, -2.723410e-21
4033, -1.052825e-20
4034, 7.944985e-22
4035, 4.943338e-20
4036, 1.424067e-20
4037, -2.562269e-19
4038, -3.741226e-19
4039, 5.698314e-19
4040, 2.403554e-18
4041, 2.398371e-18
4042, -3.312965e-18
4043, -1.609754e-17
4044, -3.282169e-17
4045, -4.762780e-17
4046, -5.562341e-17
4047, -5.529446e-17
4048, -4.836499e-17
4049, -3.807087e-17
4050, -2.742092e-17
4051, -1.830584e-17
4052, -1.144419e-17
4053, -6.756294e-18
4054, -3.792761e-18
4055, -2.036106e-18
4056, -1.050229e-18
4057, -5.224914e-19
4058, -2.515006e-19
4059, -1.174196e-19
4060, -5.327435e-20
4061, -2.352312e-20
4062, -1.011841e-20
4063, -4.242852e-21
4064, -1.734974e-21
4065, -6.919611e-22
4066, -2.691657e-22
4067, -1.021089e-22
4068, -3.777126e-23
4069, -1.362327e-23
4070, -4.791175e-24
4071, -1.643380e-24
4072, -5.500036e-25
4073, -1.797398e-25
4074, -5.741604e-26
4075, -1.795335e-26
4076, -5.504962e-27
4077, -1.658809e-27
4078, -4.924573e-28
4079, -1.444500e-28
4080, -4.199770e-29
4081, -1.214466e-29
4082, -3.505673e-30
4083, -1.013911e-30
4084, -2.949029e-31
4085, -8.656660e-32
4086, -2.572861e-32
4087, -7.763510e-33
4088, -2.383092e-33
4089, -7.449182e-34
4090, -2.370674e-34
4091, -7.668074e-35
4092, -2.512056e-35
4093, -8.288390e-36
4094, -2.732085e-36
4095, -9.033609e-37
4096, 1.207739e-22
4097, -6.714460e-22
4098, -3.760099e-21
4099, -1.876196e-21
4100, 1.670932e-20
4101, 1.631743e-20
4102, -7.911929e-20
4103, -1.720948e-19
4104, 1.075371e-19
4105, 8.590844e-19
4106, 1.171559e-18
4107, -5.925635e-19
4108, -5.367965e-18
4109, -1.226696e-17
4110, -1.897268e-17
4111, -2.320901e-17
4112, -2.395674e-17
4113, -2.164456e-17
4114, -1.753706e-17
4115, -1.296868e-17
4116, -8.872070e-18
4117, -5.675341e-18
4118, -3.424217e-18
4119, -1.962534e-18
4120, -1.074729e-18
4121, -5.650591e-19
4122, -2.863576e-19
4123, -1.403207e-19
4124, -6.665394e-20
4125, -3.075148e-20
4126, -1.379975e-20
4127, -6.029540e-21
4128, -2.566795e-21
4129, -1.065000e-21
4130, -4.307430e-22
4131, -1.698188e-22
4132, -6.525329e-23
4133, -2.443483e-23
4134, -8.915994e-24
4135, -3.170288e-24
4136, -1.098729e-24
4137, -3.713164e-25
4138, -1.224576e-25
4139, -3.945351e-26
4140, -1.243575e-26
4141, -3.841837e-27
4142, -1.165864e-27
4143, -3.484378e-28
4144, -1.028613e-28
4145, -3.009171e-29
4146, -8.754765e-30
4147, -2.542505e-30
4148, -7.398765e-31
4149, -2.165656e-31
4150, -6.399363e-32
4151, -1.915330e-32
4152, -5.822727e-33
4153, -1.801684e-33
4154, -5.680209e-34
4155, -1.824329e-34
4156, -5.958661e-35
4157, -1.972249e-35
4158, -6.577792e-36
4159, -2.192451e-36
4160, -7.337913e-37
4161, 3.855031e-17
4162, 2.638633e-17
4163, 2.425600e-17
4164, 2.402528e-17
4165, 2.472549e-17
4166, 2.597679e-17
4167, 2.762169e-17
4168, 2.962524e-17
4169, 3.203181e-17
4170, 3.478524e-17
4171, 3.753911e-17
4172, 3.980718e-17
4173, 4.147547e-17
4174, 4.318555e-17
4175, 4.615477e-17
4176, 5.156880e-17
4177, 6.005322e-17
4178, 7.156532e-17
4179, 8.565460e-17
4180, 1.018271e-16
4181, 1.197980e-16
4182, 1.395730e-16
4183, 1.614091e-16
4184, 1.857318e-16
4185, 2.130619e-16
4186, 2.439712e-16
4187, 2.790638e-16
4188, 3.189750e-16
4189, 3.643779e-16
4190, 4.159918e-16
4191, 4.745908e-16
4192, 5.410114e-16
4193, 6.161603e-16
4194, 7.010236e-16
4195, 7.966777e-16
4196, 9.043051e-16
4197, 1.025214e-15
4198, 1.160862e-15
4199, 1.312891e-15
4200, 1.483161e-15
4201, 1.673798e-15
4202, 1.887242e-15
4203, 2.126308e-15
4204, 2.394250e-15
4205, 2.694832e-15
4206, 3.032410e-15
4207, 3.412025e-15
4208, 3.839495e-15
4209, 4.321527e-15
4210, 4.865832e-15
4211, 5.481236e-15
4212, 6.177797e-15
4213, 6.966888e-15
4214, 7.861237e-15
4215, 8.874883e-15
4216, 1.002299e-14
4217, 1.132144e-14
4218, 1.278613e-14
4219, 1.443188e-14
4220, 1.627090e-14
4221, 1.831090e-14
4222, 2.055302e-14
4223, 2.299031e-14
4224, 2.560793e-14
4225, 2.838299e-14
10685, -9.372568e-02
10686, -1.406617e-02
10687, -2.150478e-03
10688, -3.344077e-04
10689, -5.279009e-05
10690, -8.440291e-06
10691, -1.363193e-06
10692, -2.217829e-07
10693, -3.624052e-08
10694, -5.930248e-09
10695, -9.689771e-10
10696, -1.576666e-10
10697, -2.548502e-11
10698, -4.083444e-12
10699, -6.474565e-13
10700, -1.014553e-13
10701, -1.569866e-14
10702, -2.397913e-15
10703, -3.616316e-16
10704, -5.388405e-17
10705, -7.941971e-18
10706, -1.159820e-18
10707, -1.681760e-19
10708, -2.427428e-20
10709, -3.497869e-21
10710, -5.048355e-22
10711, -7.323664e-23
10712, -1.071983e-23
10713, -1.589486e-24
10714, -2.397239e-25
10715, -3.692673e-26
10716, -5.833129e-27
10717, -9.485598e-28
10718, -1.593497e-28
10719, -2.773666e-29
10720, -5.013564e-30
10721, -9.422714e-31
10722, -1.841393e-31
10723, -3.735904e-32
10724, -7.842696e-33
10725, -1.694757e-33
